id;name;street_address;postal_code;city;country
1;Clothing;virtual communities hacking;Plastic;Cedar Hill;Saudi Arabia
2;Money strategic;SSL;parse withdrawal RAM;Cristburgh;Lao People's Democratic Republic
3;Cape Officer;Ball;channels homogeneous Shirt;Aimeefurt;Guernsey
4;state;lime;THX set;Schambergerville;Denmark
5;Representative Serbia;Pakistan Granite well-modulated;Intelligent;West Jett;Denmark
6;web-enabled Salad;navigating;Soap;West Naomie;Cambodia
7;reciprocal;auxiliary;Zimbabwe Account;South Kevon;Senegal
8;human-resource;withdrawal Tennessee architectures;Gorgeous;East Kailey;Moldova
9;Wooden front-end;District;Ergonomic Account;Tamarafurt;Cote d'Ivoire
10;program implement;transparent Run firewall;Brand Bedfordshire;Santa Rosa;Martinique
