id;title;description;schedule
1;override Market transmit;Helena Integration;XSS connecting
2;pixel Refined;parse;Unbranded
3;Rapid Cambridgeshire;panel;Fantastic
4;Interactions back-end Frozen;even-keeled strategy quantify;Escudo
5;Glens;Cotton;payment Garden
6;blue reinvent;Borders;Senegal
7;quantifying;Chief deposit Mountains;edge Fresh synergistic
8;Maine Pants;Shirt synthesizing grid-enabled;Avon New
9;Rupiah Carolina;synthesize Cambridgeshire cross-platform;Mouse Open-source
10;Rustic Organic;Usability Guadeloupe;silver
