id;first_name;last_name;email;phone_number;birth_date
1;Devon;Tillman;Scot_Walker66@hotmail.com;drive;2021-12-23T04:26:37
2;Robert;Rodriguez;Skylar78@gmail.com;Morocco matrix;2021-12-23T09:24:38
3;Eldridge;Koelpin;Jedidiah46@yahoo.com;Concrete;2021-12-22T15:10:05
4;Luisa;Gaylord;Antonetta63@yahoo.com;Buckinghamshire;2021-12-23T02:06:53
5;Gudrun;Stamm;Bernhard_Luettgen39@yahoo.com;intranet;2021-12-22T21:18:04
6;Else;Fay;Lexus49@gmail.com;Security bleeding-edge;2021-12-23T00:29:42
7;Issac;Thompson;Jarrett_McKenzie@hotmail.com;Interactions violet;2021-12-22T11:50:17
8;Marshall;Streich;Freda_Parisian62@gmail.com;Ramp;2021-12-22T18:20:33
9;Angela;Robel;Dawn.Anderson39@hotmail.com;synthesize;2021-12-22T21:23:23
10;Adonis;Hayes;Monique_Beatty@yahoo.com;overriding Borders India;2021-12-22T15:35:04
